{"weekData":{"arrayW":[19935.746149357063,19935.746149357063,19979.989704902397,19979.358515273718,19788.670709050242,20789.646990045072,20864.50059891796]},"monthData":{"arrayM":[19750.17357842549,19750.17278425487,19850.175784254872,22550.175784254872,19760.175784254872,19950.175784254872,19790.125784254873,19750.17357842549,19750.17278425487,19850.175784254872,19550.175784254872,19760.175784254872,19950.175784254872,19790.125784254873,19750.17357842549,17750.17278425487,19750.17357842549,19760.175784254872,19950.175784254872,19750.17278425487,19973.076863904727,19935.746149357063,19935.746149357063,19979.989704902397,19979.358515273718,19788.670709050242,20789.646990045072,20864.50059891796]}}