{
    "weekData": {
        "arrayW": [
            19850.175784254872,
            18970.175784254872,
            19760.175784254872,
            20150.175784254872,
            19790.125784254872,
            19750.1735784254872,
            19750.172784254872
        ]
    },
    "monthData": {
        "arrayM": [
            19790.125784254872,
            19750.99,
            19750.172784254872,
            19850.175784254872,
            19550.175784254872,
            19760.175784254872,
            19950.175784254872,
            19790.125784254872,
            19750.1735784254872,
            19750.172784254872,
            19850.175784254872,
            22550.175784254872,
            19760.175784254872,
            19950.175784254872,
            19790.125784254872,
            19750.1735784254872,
            19750.172784254872,
            19850.175784254872,
            19550.175784254872,
            19760.175784254872,
            19950.175784254872,
            19790.125784254872,
            19750.1735784254872,
            17750.172784254872,
            19750.1735784254872,
            19760.175784254872,
            19950.175784254872,
            19750.172784254872
        ]
    }
}
