{
    "weekData": {
        "arrayW": [
            19979.989704902397,
            19979.358515273718,
            19788.670709050242,
            20789.646990045072,
            20864.500598917962,
            20833.227800871966,
            20833.227800871966
        ]
    },
    "monthData": {
        "arrayM": [
            19850.175784254872,
            22550.175784254872,
            19760.175784254872,
            19950.175784254872,
            19790.125784254873,
            19750.173578425492,
            19750.172784254874,
            19850.175784254872,
            19550.175784254872,
            19760.175784254872,
            19950.175784254872,
            19790.125784254873,
            19750.173578425496,
            17750.172784254877,
            19750.173578425448,
            19760.175784254872,
            19950.175784254872,
            19750.172784254873,
            19973.076863904727,
            19935.746149357063,
            19935.746149357063,
            19979.989704902397,
            19979.358515273718,
            19788.670709050242,
            20789.646990045072,
            20864.500598917962,
            20833.227800871966,
            20833.227800871966
        ]
    }
}